{"cameraMode":{"drawMode":0,"name":"Shaded","section":"Shading Mode"},"sceneLighting":true,"audioPlay":false,"sceneViewState":{"m_AlwaysRefresh":false,"showFog":true,"showSkybox":true,"showFlares":true,"showImageEffects":true,"showParticleSystems":true,"showVisualEffectGraphs":true,"m_FxEnabled":false},"in2DMode":false,"pivot":{"x":32.22304916381836,"y":4.675541400909424,"z":66.11225891113281},"rotation":{"x":0.0293318759649992,"y":-0.06592370569705963,"z":0.0019387162756174803,"w":0.9973931908607483},"size":48.177059173583987,"orthographic":false}