{"cameraMode":{"drawMode":0,"name":"Shaded","section":"Shading Mode"},"sceneLighting":true,"audioPlay":false,"sceneViewState":{"m_AlwaysRefresh":false,"showFog":true,"showSkybox":true,"showFlares":true,"showImageEffects":true,"showParticleSystems":true,"showVisualEffectGraphs":true,"m_FxEnabled":true},"in2DMode":false,"pivot":{"x":16.60527801513672,"y":5.537317752838135,"z":55.45241928100586},"rotation":{"x":0.0359918437898159,"y":0.004497047513723373,"z":-0.00016196267097257078,"w":0.9993417263031006},"size":36.4389533996582,"orthographic":false}