{"cameraMode":{"drawMode":0,"name":"Shaded","section":"Shading Mode"},"sceneLighting":true,"audioPlay":false,"sceneViewState":{"m_AlwaysRefresh":false,"showFog":true,"showSkybox":true,"showFlares":true,"showImageEffects":true,"showParticleSystems":true,"showVisualEffectGraphs":true,"m_FxEnabled":false},"in2DMode":false,"pivot":{"x":18.83300018310547,"y":1.3604631423950196,"z":-4.469999313354492},"rotation":{"x":0.055368587374687198,"y":-0.9341984391212463,"z":0.16652369499206544,"w":0.31061720848083498},"size":0.8660253882408142,"orthographic":false}