{"cameraMode":{"drawMode":0,"name":"Shaded","section":"Shading Mode"},"sceneLighting":true,"audioPlay":false,"sceneViewState":{"m_AlwaysRefresh":false,"showFog":true,"showSkybox":true,"showFlares":true,"showImageEffects":true,"showParticleSystems":true,"showVisualEffectGraphs":true,"m_FxEnabled":false},"in2DMode":false,"pivot":{"x":0.08421480655670166,"y":3.8301236629486086,"z":4.192268371582031},"rotation":{"x":0.16819870471954347,"y":-0.1699988842010498,"z":0.029461532831192018,"w":0.9705387949943543},"size":22.819969177246095,"orthographic":false}